Tendency,TOP1,JG1,MID1,AD1,SUP1,TOP2,JG2,MID2,AD2,SUP2,melee_number,MeanKills,killsat10,killsat15,numberofgames
31,0.0,1.0,1.5,1.375,1.25,2,29.25,6.0,3.75,6
29,0.0,-0.25,0.0,1.125,0.625,3,29.25,0.0,4.75,6
18,0.0,1.5,0.5,-1.9375,-2.25,0,29.25,1.0,-0.25,6
24,0.0,0.125,0.0,1.9375,0.9375,3,20.5,0.5,4.0,7
19,0.25,-0.5,1.5,-1.9375,-3.375,1,20.5,-0.5,-3.0,7
18,1.75,-0.5,0.5,0.1875,-0.4375,0,20.5,0.5,1.0,7
14,0.0,1.5,0.0,-1.0,-0.625,0,23.5,0.25,-2.75,6
31,0.0,1.0,0.5,1.875,1.0,1,23.5,-0.75,4.25,6
19,1.75,2.0,0.5,1.25,0.125,2,20.5,-1.5,-1.75,6
6,0.25,-0.25,0.0,0.25,-1.6875,0,20.5,1.5,-0.75,6
19,1.75,0.125,1.0,1.125,0.625,3,20.5,0.5,3.25,6
25,1.75,-0.25,0.0,1.25,0.9375,1,23.0,-0.5,-1.5,7
27,0.0,1.75,0.0,0.25,-1.25,1,23.0,0.5,-0.5,7
19,1.75,1.0,1.5,0.0,-0.25,1,23.0,-2.0,-0.75,9
12,1.75,-0.25,1.5,-1.0,-2.25,0,23.0,-2.0,-3.75,9
18,2.0,1.75,0.0,1.75,1.625,2,24.5,-0.75,-3.75,9
28,0.25,1.75,1.5,0.0625,1.6875,2,24.5,0.25,-0.75,9
23,1.75,1.75,0.0,-1.9375,-2.25,0,23.0,1.75,0.75,10
17,0.0,1.5,0.0,1.75,1.125,2,23.0,-0.25,-1.25,10
30,1.0,1.5,0.0,-0.25,-0.875,1,21.0,4.25,3.75,8
30,0.5,1.0,0.0,1.125,0.625,3,21.0,4.25,3.75,8
18,1.75,-0.5,0.5,1.9375,0.625,2,21.0,-0.75,0.75,8
31,1.75,1.0,0.0,-1.9375,-2.25,0,24.0,0.75,1.0,10
24,1.75,1.75,1.0,-1.9375,-2.25,2,24.0,3.75,7.0,10
30,1.75,1.0,0.0,0.0,0.0,2,19.5,-1.0,0.75,9
15,0.5,1.75,0.0,1.6875,0.8125,0,19.5,-1.0,-1.25,9
20,1.75,0.125,0.75,1.875,1.5,3,24.5,-0.5,-1.75,10
22,2.0,2.0,0.0,1.125,0.625,2,24.5,-0.5,1.25,10
28,0.5,1.5,0.5,2.1875,-0.75,1,24.5,-1.5,2.25,10
18,0.0,-0.25,0.0,0.0,1.0,1,22.25,1.5,1.5,10
36,0.0,0.0,-0.5,2.1875,0.75,2,22.25,7.5,6.5,10
14,1.75,1.5,0.0,-0.5,-1.25,0,25.5,-1.0,3.5,5
23,0.0,0.875,0.0,0.1875,-0.25,0,22.5,2.0,-2.5,5
26,1.75,1.5,1.5,0.0625,-0.75,2,25.0,-2.0,3.5,5
25,0.0,1.5,2.5,1.6875,1.8125,1,26.0,1.0,3.5,5
16,1.0,1.5,0.0,-1.9375,-2.25,0,21.25,-0.75,3.75,10
17,0.25,-0.25,0.0,-1.9375,-2.25,0,21.25,1.25,4.75,10
23,1.75,0.125,0.0,1.6875,0.875,2,21.25,0.25,1.75,10
29,2.0,1.0,1.625,1.5,1.5,3,23.0,1.5,1.75,10
22,0.0,1.5,0.5,1.25,0.125,1,23.0,5.5,2.75,10
20,1.75,1.0,0.0,0.0625,0.0625,1,24.75,0.0,-4.25,6
7,0.25,2.0,0.0,-1.9375,-3.625,0,22.0,-2.5,-3.5,6
36,0.0,0.875,0.0,0.75,1.5,3,25.25,-0.5,0.0,6
24,0.0,1.0,0.0,1.8125,1.8125,2,25.75,-0.5,0.75,6
24,0.25,1.75,1.5,2.1875,0.0625,1,23.5,3.0,5.0,7
26,1.75,-3.0,0.0,0.625,0.75,2,26.0,3.0,5.0,7
33,1.75,1.75,1.5,1.6875,0.25,2,22.5,3.0,5.0,7
27,1.75,1.0,0.0,1.25,0.9375,2,24.5,0.0,-1.0,7
43,1.75,1.75,1.5,1.3125,-1.6875,1,26.0,0.5,-3.5,8
18,0.0,-3.0,-0.5,1.25,1.625,1,25.5,0.25,1.5,8
19,2.0,1.5,1.75,1.75,1.125,2,24.0,1.75,1.0,8
25,0.25,1.0,0.5,0.5,1.1875,1,24.5,4.25,2.5,8
34,0.0,2.0,1.5,0.0,-0.25,1,25.75,3.5,6.75,10
20,-0.5,1.0,0.75,0.0,-0.25,1,25.75,0.5,-3.25,10
25,0.0,-0.25,0.0,0.0,-0.25,0,23.5,0.25,0.0,10
22,0.0,-0.5,0.75,0.0,-0.25,1,23.5,1.25,0.0,10
21,0.0,-0.25,0.5,1.6875,0.8125,2,21.75,0.75,3.5,10
27,0.0,1.75,0.75,1.9375,0.625,2,21.75,0.75,-0.5,10
19,1.75,0.125,0.0,0.0,-0.25,2,21.0,-1.0,3.5,10
23,1.75,1.5,0.0,2.1875,1.5,3,21.0,-1.0,-3.5,10
22,1.75,0.125,1.5,-1.1875,-1.25,0,21.5,1.5,-1.5,10
15,1.75,1.0,0.5,-2.0,-0.4375,0,21.5,-1.5,-3.5,10
19,0.0,2.0,0.5,-0.5,-1.25,0,25.25,-1.5,-3.75,10
11,0.0,-0.5,0.5,0.375,0.8125,1,25.25,0.5,-2.75,10
17,0.0,2.0,0.0,-1.9375,-2.25,0,25.25,-2.5,-2.75,10
13,2.0,2.0,0.5,0.0,-0.5,1,22.25,-1.25,-4.25,10
17,1.75,0.125,0.5,-1.9375,-2.25,0,22.25,-0.25,-0.25,10
18,1.75,1.5,0.75,-2.0,-1.0,0,20.0,0.25,0.0,10
20,-0.75,-0.25,0.0,-1.25,0.375,0,20.0,1.25,3.0,10
21,0.0,2.0,0.75,1.6875,0.0,0,23.25,2.25,2.25,10
32,0.0,2.0,0.5,1.6875,1.1875,1,23.25,-0.75,1.25,10
19,0.0,1.0,0.0,-0.5,1.8125,1,19.5,-2.0,-2.0,10
22,1.75,-0.25,0.5,0.75,1.75,2,19.5,1.0,0.0,10
31,0.5,2.0,0.0,1.125,2.0,2,22.25,5.25,2.25,10
29,0.25,1.75,1.5,0.5,-1.125,1,22.25,1.25,2.25,10
36,0.0,1.5,0.0,2.1875,1.5,2,22.25,4.25,9.25,10
34,0.5,0.125,0.75,1.6875,0.375,3,20.0,0.25,-2.75,10
21,0.25,-0.5,0.75,-0.25,0.9375,2,20.0,-1.75,-2.75,10
37,0.5,2.0,0.5,2.1875,2.1875,3,20.5,0.25,0.75,10
31,1.75,2.0,0.0,1.6875,0.375,1,20.5,1.25,2.75,10
24,0.5,1.75,0.5,0.9375,1.0,1,22.0,-2.5,-3.25,10
34,0.0,1.75,1.0,1.3125,1.125,3,22.0,1.5,7.75,10
24,1.75,2.0,0.75,-0.8125,-0.25,1,19.0,-0.25,0.0,10
18,1.5,2.0,0.75,0.5,1.625,1,19.0,-2.25,-4.0,10
37,1.75,0.125,0.0,0.25,-1.25,1,19.0,0.75,6.0,10
19,-0.5,-0.5,-0.5,1.0,1.0,2,21.0,0.0,-1.75,10
26,0.0,1.0,0.5,1.3125,0.875,2,21.0,2.0,-0.75,10
16,1.75,-0.25,0.0,1.5,1.0,1,24.75,-3.0,-1.25,10
20,0.5,1.0,0.5,1.6875,1.25,2,24.75,3.0,1.75,10
25,0.0,2.0,1.75,0.625,1.25,2,24.75,-2.5,-2.5,10
23,0.25,2.0,0.5,1.3125,1.25,2,24.75,2.5,-0.5,10
25,-0.5,0.125,0.75,1.1875,0.625,3,21.5,-2.25,-1.25,10
14,0.0,1.5,0.5,0.1875,0.0,1,21.5,-0.25,-0.25,10
27,0.0,2.0,0.75,1.5,1.5,2,21.5,-2.25,3.75,10
23,0.0,-0.25,0.5,1.3125,2.1875,2,21.75,-0.25,-0.5,10
24,0.0,1.75,1.75,0.5,1.25,2,21.75,0.75,2.5,10
45,1.75,0.125,0.5,0.5,-2.125,1,21.75,0.75,4.5,10
15,1.5,1.75,0.0,1.6875,0.375,1,23.5,-2.75,-2.75,10
33,1.75,2.0,0.0,1.125,1.0,1,23.5,3.25,6.25,10
22,0.5,1.0,0.0,-0.125,0.625,1,24.0,-0.5,3.5,10
25,1.75,1.5,0.5,1.6875,1.1875,1,24.0,1.5,4.5,10
11,1.75,-0.5,0.5,1.0,0.125,1,24.5,-2.25,-5.0,10
18,0.0,2.0,0.0,-1.875,-1.0,-1,24.5,-1.25,-1.0,10
23,0.0,-0.5,0.5,1.6875,0.375,2,22.5,-2.75,1.25,10
23,0.0,1.5,0.0,1.25,1.125,1,22.5,-2.75,-3.75,10
30,1.75,1.5,0.5,1.125,1.3125,2,22.5,-0.75,2.25,10
42,-0.5,-0.25,0.5,1.3125,1.25,2,21.5,5.75,6.75,10
20,0.0,1.75,1.0,1.9375,0.625,3,21.5,-0.25,-1.25,10
19,0.0,1.75,1.5,1.3125,0.75,2,21.5,-1.25,-2.25,10
12,0.5,0.25,0.5,1.6875,1.4375,1,22.0,-1.25,-3.0,10
28,0.5,-0.5,0.5,0.625,1.75,1,22.0,1.75,2.0,10
23,1.75,0.125,0.5,1.3125,1.3125,2,24.0,1.5,0.0,10
24,0.0,-0.5,0.0,0.9375,1.25,2,24.0,2.5,3.0,10
25,1.75,1.5,0.5,1.3125,0.9375,1,24.0,-0.5,-2.0,10
28,1.75,1.0,1.5,1.5,1.6875,2,23.0,-1.25,5.0,10
33,0.0,0.125,0.5,-1.875,-1.0,0,23.0,1.75,6.0,10
30,1.75,-3.0,0.0,1.5,2.1875,1,26.0,0.0,-1.5,9
15,0.25,-1.75,0.5,2.1875,1.8125,0,23.0,-0.5,1.0,9
31,1.75,2.75,2.0,1.0,1.75,2,22.0,-1.5,2.0,9
29,0.25,0.0,0.0,1.5,1.5,2,29.5,-2.5,-3.0,9
28,2.0,2.0,0.0,0.1875,0.0,1,20.5,-2.25,-2.25,10
31,0.5,-0.25,1.5,1.6875,1.5,2,20.5,-0.25,6.75,10
25,1.75,1.5,0.5,0.9375,-1.75,1,20.5,2.75,0.75,10
23,1.0,0.125,0.75,1.3125,1.75,2,21.5,-0.5,-2.5,10
21,1.0,0.125,0.75,1.3125,1.25,1,21.5,-1.5,0.5,10
23,0.25,2.75,0.5,1.6875,2.0,0,25.5,1.25,0.0,10
31,2.25,0.125,0.0,0.5625,1.8125,1,28.0,1.5,-0.25,9
32,0.5,0.125,1.5,-0.5,0.0,1,26.25,-2.0,-6.75,9
33,1.0,2.0,1.5,1.5,1.5,1,22.0,1.5,1.25,10
13,0.0,2.75,0.0,-0.875,-3.375,0,23.75,0.0,-4.0,10
22,1.75,0.125,0.75,1.3125,0.375,2,23.75,0.0,-3.0,10
23,0.25,1.5,0.0,1.5,0.625,2,23.75,0.0,-1.0,10
16,1.0,0.125,1.5,-0.875,-3.375,0,22.25,2.5,1.0,10
23,0.75,2.0,2.0,1.25,0.375,2,22.25,3.5,5.0,10
37,1.0,0.125,0.0,1.8125,0.8125,0,25.25,-1.75,4.25,10
46,1.75,1.75,1.5,1.5,0.75,2,25.25,5.25,11.25,10
29,0.0,-0.625,0.75,0.625,2.1875,0,23.75,0.25,-1.5,10
22,0.0,-0.625,0.75,0.625,1.75,1,23.75,-2.75,-4.5,10
29,1.75,2.0,0.0,1.3125,0.875,1,22.5,0.25,4.75,10
26,1.75,2.0,1.5,1.3125,1.25,2,22.5,6.25,4.75,10
37,0.25,-0.25,0.0,-0.5,-2.25,0,25.25,-1.25,5.0,10
19,0.25,-0.625,2.0,1.5,0.5,0,25.25,-1.25,-2.0,10
13,0.25,0.125,0.75,-1.875,-2.25,1,24.75,1.75,2.25,10
22,0.25,2.75,1.75,-0.375,1.125,2,22.75,0.75,3.0,10
30,1.75,1.75,2.0,0.9375,0.875,2,28.75,-1.25,0.25,10
30,1.75,0.125,2.5,2.1875,1.0,2,26.25,0.0,-2.0,10
13,0.75,1.0,0.0,-1.9375,-3.375,0,26.0,-2.25,-4.0,10
23,0.0,-0.25,1.5,-0.5,-1.0,-2,26.0,0.75,2.0,10
26,0.0,2.75,0.0,0.5,0.1875,0,23.75,-2.0,-5.5,10
25,1.75,2.0,0.0,0.5,0.75,1,23.75,1.0,4.5,10
21,0.75,1.75,1.5,0.9375,0.5625,2,24.25,-0.75,-2.0,10
43,0.25,-0.25,1.5,1.5,1.0,1,24.25,1.0,1.0,10
22,0.0,1.0,1.5,-0.1875,1.125,2,23.75,0.0,-3.25,10
24,0.25,2.75,0.75,-0.3125,1.625,2,30.5,3.0,3.75,10
21,0.25,1.5,0.0,1.6875,1.8125,1,25.0,1.0,-1.5,10
28,0.0,1.75,2.0,0.875,-1.375,1,25.0,1.0,3.5,10
27,0.0,1.75,1.5,0.9375,1.75,2,25.0,4.0,3.5,10
22,0.0,1.0,2.0,1.25,1.3125,2,24.5,1.0,-1.5,10
21,1.75,-0.5,0.75,2.1875,0.0625,1,24.5,0.0,-0.5,10
14,0.25,-0.25,0.0,-0.5,1.75,0,24.5,-1.0,-3.5,10
21,0.0,1.75,2.0,1.3125,0.625,2,24.5,0.75,-1.5,10
27,0.25,-3.0,0.0,1.6875,1.25,1,27.75,1.25,0.75,10
37,0.25,1.5,2.5,-0.1875,0.0,-1,24.75,-2.25,-3.0,10
28,0.25,-0.625,0.0,2.1875,1.5,0,24.25,1.5,0.5,10
15,1.75,-0.5,0.0,0.875,1.5,2,24.5,1.5,-2.5,10
20,0.5,2.0,2.0,1.6875,0.375,1,23.5,0.75,-0.75,10
25,1.75,1.0,0.0,1.6875,0.0,2,23.5,-0.25,0.25,10
26,0.0,2.0,2.0,1.3125,2.0,1,23.5,-0.25,-1.75,10
20,0.25,-0.5,0.75,-0.5,-2.25,0,22.75,-0.5,-1.0,10
35,0.5,2.0,3.375,-2.0,-1.0,0,22.75,-1.5,0.0,10
23,2.0,-0.5,-0.5,1.3125,0.875,2,22.5,-0.75,0.5,10
17,0.0,1.5,0.75,1.6875,1.9375,1,22.5,1.25,1.5,10
25,0.25,2.0,0.0,1.5,1.5,1,25.25,0.75,6.75,10
48,1.75,1.5,0.75,1.5,2.0,2,25.25,4.75,11.75,10
19,1.75,1.5,0.0,1.5,1.5,1,25.75,1.5,1.0,10
29,1.75,1.5,2.0,-1.9375,-3.375,-1,25.75,-0.5,1.0,10
23,0.25,1.5,2.0,2.0,1.25,3,25.75,2.5,7.0,10
15,2.0,2.0,0.0,1.5,0.5,2,23.25,-2.25,-4.5,10
27,1.75,2.0,1.5,1.5,0.5,0,23.25,0.75,3.5,10
23,1.75,2.0,3.375,1.6875,0.3125,1,25.25,0.5,0.0,10
27,1.75,1.5,1.5,1.6875,1.0625,1,25.25,-2.5,-2.0,10
31,0.75,-0.5,1.5,0.625,1.25,2,25.25,2.5,0.0,10
46,0.25,0.125,1.5,1.6875,1.8125,1,23.25,2.0,-0.25,10
50,0.25,1.0,0.0,2.1875,1.75,2,23.25,1.0,0.75,10
43,0.25,1.0,2.0,1.6875,1.75,2,23.25,3.0,7.75,10
22,0.0,1.5,0.0,1.6875,0.8125,1,23.25,1.0,2.75,10
44,0.25,1.0,3.375,1.6875,1.0,2,23.25,0.0,4.75,10
48,0.5,0.25,1.0,1.1875,1.0,2,23.25,-0.25,1.25,10
41,0.5,0.25,0.75,1.1875,1.75,1,23.25,-0.25,5.25,10
24,0.5,1.5,0.0,1.6875,0.9375,0,23.25,0.75,4.25,10
18,0.0,1.0,3.375,1.9375,0.375,2,25.25,-1.0,-1.25,10
29,0.5,1.5,1.5,1.5,2.0,2,25.25,2.0,-0.25,10
22,0.5,1.5,0.0,0.5,0.9375,-1,25.25,3.0,-0.25,10
44,0.75,0.25,1.5,1.5,1.5,2,26.75,1.0,2.25,10
28,1.0,2.0,0.0,1.5,0.5,1,26.75,0.0,3.25,10
27,0.25,1.5,0.0,2.0,1.0,2,26.75,-1.0,2.25,10
28,0.0,2.0,2.5,2.0,-1.125,1,26.75,-2.0,-2.75,10
21,1.75,1.5,2.0,0.9375,1.75,2,26.75,0.0,-3.75,10
27,0.0,1.0,0.0,1.25,0.125,1,25.0,-1.5,-5.75,10
11,0.25,1.5,-0.5,-0.875,-3.375,0,25.0,-1.5,-5.75,10
23,1.75,-0.5,-0.5,-0.5,-1.0,1,25.0,0.5,-2.75,10
29,0.5,2.0,3.375,-0.5,-1.25,0,21.5,2.25,6.0,10
15,0.75,0.125,1.5,1.5625,1.5,1,21.5,-1.75,-2.0,10
30,0.0,2.0,3.375,-0.25,-0.875,1,21.5,3.25,7.0,10
19,0.25,1.5,1.75,1.3125,1.75,2,26.5,-1.0,1.25,10
29,0.25,1.5,1.625,2.1875,1.8125,2,26.5,2.0,1.25,10
22,1.5,1.5,2.0,0.875,-2.25,1,26.5,0.0,-1.75,10
21,0.0,0.125,0.0,-0.8125,1.75,0,26.5,-3.0,-5.5,5
35,0.0,1.0,2.0,1.6875,1.8125,1,30.0,3.5,6.5,5
25,1.0,1.5,0.75,2.0625,0.125,2,23.0,-2.0,-2.0,5
30,0.0,1.5,0.0,-0.625,0.0,0,22.5,0.0,-4.0,5
38,0.25,-0.5,1.5,1.9375,0.125,1,31.5,-1.5,-3.0,5
17,0.25,1.75,0.0,-0.875,-3.375,0,21.0,2.5,1.5,10
27,0.75,-0.5,-0.5,-2.0,-0.1875,0,21.0,5.5,8.5,10
27,0.25,0.125,-0.5,1.5,0.5,0,26.25,9.0,8.0,10
41,0.25,2.0,0.75,1.6875,2.25,1,26.25,5.0,6.0,10
35,0.25,1.75,1.5,-0.875,-1.0,1,25.75,0.0,0.0,10
26,1.75,1.5,1.5,1.5,1.125,2,25.75,-3.0,-4.0,10
32,0.25,1.75,2.0,0.5,-0.1875,1,25.75,-2.0,8.0,10
43,2.0,1.75,-0.5,1.6875,1.0,2,23.75,-0.75,1.75,10
10,0.0,1.5,-0.5,1.6875,0.9375,0,23.75,1.25,-1.25,10
29,0.0,0.25,1.625,1.6875,2.1875,2,22.0,-1.0,2.75,10
37,1.75,1.75,0.75,1.6875,0.0,0,22.0,3.0,1.75,10
23,0.25,1.75,0.75,-0.875,-3.375,0,24.75,-2.5,-1.25,10
25,0.0,1.75,1.5,0.5,1.75,2,24.75,-0.5,-0.25,10
20,0.25,-0.5,0.0,-0.875,-3.375,0,24.75,-1.5,0.75,10
14,0.0,1.75,1.5,0.125,-2.25,2,24.75,-2.25,-7.0,6
30,0.25,1.5,0.0,0.5,1.75,2,27.5,1.25,-0.25,6
19,0.5,1.0,3.375,1.625,1.0625,1,30.25,-1.5,-5.25,6
17,0.0,0.25,2.0,1.125,1.125,2,26.0,0.25,-4.0,6
21,1.75,1.5,0.0,1.0,1.0,2,29.75,0.75,-4.0,6
24,0.0,-0.5,1.5,1.125,0.625,3,26.25,-3.75,-0.5,10
44,1.0,1.0,1.5,1.5625,1.125,2,26.25,0.25,4.5,10
50,0.0,0.25,1.5,1.3125,1.5,2,26.25,10.25,8.5,10
33,0.25,2.25,0.75,-0.1875,0.125,1,26.25,0.25,-4.5,10
25,0.5,-0.5,0.75,-1.9375,-3.375,1,24.0,-1.0,-3.75,10
31,0.25,1.75,1.5,0.5,1.75,1,24.0,0.0,-2.75,10
18,0.25,-0.5,-0.5,-0.25,-0.875,0,24.75,-0.75,-3.5,10
19,1.75,1.5,2.0,-1.9375,-3.375,-1,24.75,1.25,-0.5,10
40,0.25,-0.5,0.0,1.3125,1.0,2,33.5,5.0,1.5,7
28,0.0,1.75,0.0,1.0,-0.5,2,26.5,2.5,0.5,7
31,0.25,2.75,2.0,1.0,-0.625,0,23.0,2.0,4.5,7
23,1.75,2.75,0.0,1.5,1.75,1,22.5,5.5,5.5,7
29,2.25,1.0,0.75,0.125,0.75,2,25.0,0.5,0.0,7
28,0.0,1.75,1.5,1.5,-2.25,0,30.25,0.25,0.0,10
12,0.0,1.5,0.75,2.1875,1.0,2,30.25,-2.75,-6.0,10
26,0.0,2.0,0.0,0.9375,1.25,3,30.25,-2.75,1.0,10
14,0.5,1.5,1.5,1.125,1.125,2,24.75,-2.25,-3.75,10
32,0.25,0.25,0.0,0.9375,1.0,2,24.75,-0.25,0.25,10
35,2.0,1.5,0.0,1.375,1.9375,1,26.25,-0.5,-1.75,10
37,1.75,1.75,2.0,-2.0,-0.1875,0,26.25,-0.5,6.25,10
24,0.5,1.75,3.375,1.3125,1.125,2,25.25,1.5,0.25,8
17,0.0,1.0,0.75,1.375,0.8125,1,30.0,1.75,0.75,8
25,0.0,2.75,1.5,0.9375,0.625,1,29.0,0.25,3.0,8
25,1.75,1.0,2.0,1.25,0.75,2,25.5,5.25,4.0,8
23,0.75,1.75,1.5,0.625,0.125,2,27.25,3.25,3.75,8
18,0.0,1.5,0.75,1.3125,1.0,3,30.0,-1.25,-6.25,8
32,1.75,-0.5,0.0,0.9375,0.375,2,28.5,0.0,-4.0,10
32,1.75,-0.5,0.5,1.0,0.75,1,28.5,5.0,5.0,10
29,0.5,1.75,2.0,1.375,1.625,1,28.5,1.0,3.0,10
34,2.0,1.75,2.0,0.125,0.75,2,29.5,-1.5,-2.75,9
39,0.75,2.75,0.0,0.875,-0.4375,0,29.5,4.5,2.25,9
32,0.5,-0.5,0.5,0.9375,0.125,2,29.5,5.5,4.25,9
21,0.0,1.5,0.5,-0.875,-0.875,1,27.5,-1.0,-3.5,9
30,0.5,1.75,0.5,0.5,1.25,2,27.5,-1.0,-1.5,9
21,0.25,-0.5,0.0,1.6875,0.0,0,31.25,1.5,-0.5,10
33,2.0,2.75,-0.5,2.1875,1.5,2,31.25,0.5,7.5,10
21,0.25,1.75,0.0,0.1875,-0.25,1,31.25,-0.5,-4.5,10
20,0.0,0.125,0.0,-0.875,-1.0,0,28.75,-2.25,-4.5,10
35,0.5,2.0,0.0,0.1875,0.0,1,28.75,1.75,0.5,10
39,0.25,1.75,0.0,-1.25,2.5,1,28.75,2.75,5.5,10
20,0.5,0.25,0.5,1.375,1.5,1,28.75,2.75,1.5,10
16,0.5,1.5,0.5,1.6875,1.1875,2,28.75,0.75,-0.5,10
16,0.0,2.75,0.0,1.3125,1.25,1,24.0,0.0,-1.5,9
21,2.0,2.75,0.0,0.625,1.25,2,24.0,-3.0,-4.5,9
25,0.5,1.5,1.5,-0.625,-0.875,1,24.0,2.5,6.0,9
28,0.0,-3.0,0.5,1.125,1.125,-1,24.0,4.5,3.0,9
20,0.0,1.75,0.75,1.3125,1.5,2,31.0,-2.0,-3.75,10
36,0.25,2.0,3.375,1.6875,1.5,2,31.0,2.0,1.25,10
21,0.5,0.25,1.75,2.1875,1.5,1,31.0,-3.0,2.25,10
32,2.25,2.0,3.375,1.6875,4.5,2,31.0,7.0,4.25,10
22,0.5,-0.5,0.5,0.5,0.375,1,27.75,-1.25,-2.5,10
27,0.0,1.75,0.5,0.9375,0.875,2,27.75,0.75,4.5,10
29,1.75,2.75,0.5,0.875,1.125,2,27.75,-3.25,-0.5,10
34,1.75,1.5,0.0,-1.25,2.5,1,27.25,3.0,4.5,10
28,0.5,2.75,0.5,0.5,2.0,1,27.25,4.0,2.5,10
27,0.0,1.75,0.5,0.5,0.125,1,29.0,0.25,-1.5,10
19,0.25,0.125,1.5,0.875,-0.3125,1,29.0,0.25,-4.5,10
14,0.25,-0.5,0.0,-0.625,-2.25,0,29.0,-0.75,-2.5,10
27,0.5,1.5,1.625,0.5,1.125,3,24.5,-2.75,-2.0,10
15,0.25,-0.5,0.5,0.5,1.125,2,24.5,-1.75,-3.0,10
25,0.5,1.5,2.0,-0.75,-0.375,1,24.5,-1.75,-3.0,10
16,0.5,1.75,0.5,1.5,0.5,0,27.0,-2.75,-5.0,10
31,0.0,1.75,2.0,-0.125,2.5,1,27.0,0.25,6.0,10
20,0.0,0.125,0.0,1.3125,2.25,1,27.0,-0.75,-4.0,10
17,0.5,1.75,0.0,-0.875,-3.375,0,27.0,-3.75,-5.0,10
29,0.0,1.5,1.5,-0.8125,-2.375,0,27.0,-1.75,-2.0,10
30,0.5,1.5,0.0,1.375,2.0,0,27.5,-2.25,-4.25,10
30,0.5,2.0,0.0,1.125,1.0,1,27.5,2.75,0.75,10
43,0.5,0.25,2.0,1.6875,4.5,2,27.5,4.75,8.75,10
31,0.0,0.125,0.5,-0.8125,1.25,3,29.25,-2.0,-4.0,10
19,1.75,0.125,1.75,-0.875,-3.375,0,29.25,-3.0,-6.0,10
45,0.5,1.75,2.0,0.5,1.5,2,29.25,0.0,0.0,10
32,0.75,1.75,1.5,0.9375,1.125,2,29.25,2.0,1.0,10
20,0.25,0.125,0.0,0.5,1.0,1,25.5,-0.25,6.0,10
35,1.75,-0.5,0.5,0.5,0.375,2,25.5,-1.25,-2.0,10
24,1.75,1.5,1.75,1.5625,1.0,2,25.5,-3.25,-5.0,10
32,0.5,1.5,1.625,0.5,0.375,1,26.75,2.0,4.25,10
30,0.5,1.5,0.0,1.75,0.625,0,26.75,0.0,-1.75,10
24,0.5,1.5,0.0,1.6875,0.9375,1,24.25,-2.75,-1.25,10
26,0.0,1.0,0.0,1.125,1.0,1,24.25,1.25,-0.25,10
31,2.0,2.0,2.0,0.25,0.75,0,24.25,-0.75,-0.25,10
32,1.625,1.5,1.75,1.5625,-1.5625,0,24.25,-0.5,0.75,10
33,0.0,2.75,0.5,-0.625,0.0,1,24.25,-0.5,2.75,10
27,1.75,1.5,1.75,1.5625,-1.5625,0,24.25,1.5,3.75,10
31,2.0,2.75,0.5,-0.125,0.125,1,24.25,0.5,0.75,10
53,0.0,1.75,0.0,1.6875,4.3125,2,29.25,7.0,9.0,10
54,0.5,0.25,0.5,1.9375,0.9375,2,29.25,-1.0,2.0,10
32,1.75,0.125,0.0,2.1875,0.625,2,29.25,-2.0,0.0,10
60,1.75,1.75,0.5,1.9375,0.125,2,29.25,-1.0,4.0,10
27,0.0,0.125,0.75,1.3125,0.875,2,30.0,-1.75,-1.25,10
28,1.75,1.0,0.0,2.1875,0.75,2,30.0,0.25,-0.25,10
20,0.0,1.0,0.5,1.375,2.0,2,30.0,-3.75,-3.25,10
28,0.5,1.5,0.5,1.3125,1.75,1,30.0,0.25,-0.25,10
28,0.0,0.125,1.5,0.875,0.875,1,30.0,-4.5,-2.5,10
33,0.0,1.5,1.5,0.875,-2.25,1,30.0,-4.5,-3.5,10
33,0.0,2.75,1.5,1.9375,0.375,2,30.0,-0.5,1.5,10
26,0.0,1.5,0.5,0.25,1.8125,2,30.0,2.5,3.5,10
38,0.5,1.5,0.5,0.5,1.125,2,30.0,1.5,-1.5,10
34,2.0,1.0,0.0,1.375,1.375,2,28.5,-1.75,-4.0,10
30,0.0,1.5,0.5,1.6875,0.9375,0,28.5,0.25,2.0,10
32,0.5,0.125,0.5,-1.9375,-3.375,0,28.5,-0.75,3.0,10
18,0.0,0.0,1.75,-1.9375,-3.375,0,28.5,-2.75,-1.0,10
17,1.75,1.5,0.0,-0.875,-1.0,0,28.5,0.25,-1.0,10
40,1.625,0.0,0.0,0.0625,-2.375,0,30.5,1.25,1.75,10
37,1.625,2.75,0.5,0.875,1.9375,0,30.5,0.25,-2.25,10
34,1.75,-0.25,1.75,1.6875,0.8125,0,30.5,3.25,-2.25,10
55,0.0,2.75,0.5,1.5625,1.125,1,30.5,7.25,5.75,10
